,PMEL,MIA,APOD,SERPINA3,MT2A,IFI27,DCT,SLC45A2,TYR,APOC2,CAPN3,APOE,TIMP1,SPP1,group
Cy71_CD45_D08_S524_comb,8.7935,0.0,0.0,0.0,0.0,4.3542,6.9888,4.1634,4.9296,0.0,8.1209,7.5636,0.0,0.0,2.0
Cy71_CD45_G02_S554_comb,10.007,0.0,5.4014,0.0,4.3805,7.2008,5.2934,0.0,6.2839,0.0,8.7621,5.3351,0.0,0.0,2.0
Cy81_FNA_CD45_G10_S370_comb,0.0,6.7662,5.2327,5.6798,6.9625,0.0,0.0,0.0,0.0,0.0,0.0,0.0,6.1436,5.7673,2.0
Cy71_CD45_H06_S570_comb,0.0,0.0,1.5261,0.0,5.3233,7.4293,3.4206,0.0,0.0,0.0,6.6657,0.0,0.0,0.0,2.0
Cy71_CD45_G09_S561_comb,1.1648,0.0,0.0,0.0,6.4046,5.5036,0.0,0.0,6.9945,0.0,0.0,0.0,3.573,0.0,2.0
Cy81_FNA_CD45_B10_S310_comb,0.0,4.8803,4.9108,5.7961,8.9041,0.0,0.0,0.0,0.0,0.0,0.0,0.0,5.6001,6.2925,2.0
Cy71_CD45_H10_S574_comb,0.0,0.0,5.5452,0.0,0.0,6.6457,7.2949,3.9959,5.7922,0.0,6.6984,4.394,0.0,0.0,2.0
Cy81_Bulk_CD45_C06_S126_comb,0.0,0.0,4.4513,7.7641,9.5819,0.0,0.0,0.0,0.0,0.0,0.0,0.0,6.811,8.3469,2.0
Cy81_Bulk_CD45_B01_S109_comb,0.0,0.71282,0.0,8.1792,10.527000000000001,0.0,0.0,0.0,0.0,0.0,0.0,0.0,8.5974,6.376,2.0
Cy71_CD45_E10_S538_comb,7.9218,0.0,0.0,0.0,6.2785,6.7481,5.8409,0.0,7.0909,0.0,8.1331,6.7377,0.0,0.0,2.0
Cy71_CD45_B12_S504_comb,7.0724,0.0,4.996,0.0,0.0,4.9076,7.037999999999999,0.0,5.3757,0.0,6.3593,0.0,0.0,0.0,2.0
Cy81_Bulk_CD45_A11_S107_comb,0.0,6.3624,2.639,7.1203,9.617,0.0,0.0,0.0,0.0,0.0,0.0,0.0,7.2592,5.1998,2.0
Cy71_CD45_E02_S530_comb,6.4095,0.0,3.7653,0.0,5.8368,8.1036,1.3063,4.7027,5.7911,0.0,6.7207,0.0,4.6367,0.0,2.0
Cy71_CD45_B03_S495_comb,10.095,0.0,4.695,0.0,0.0,7.7778,8.0155,0.0,5.4924,0.0,8.81,5.4879999999999995,0.0,0.0,2.0
Cy81_Bulk_CD45_C05_S125_comb,0.0,4.9119,0.0,7.5535,8.5283,0.0,0.0,0.0,0.0,0.0,0.0,5.7687,7.653,0.0,2.0
Cy71_CD45_F01_S541_comb,7.3126,0.0,2.6422,0.0,0.0,6.8353,7.1437,4.6214,6.6493,0.0,7.8262,6.8379,4.0361,0.0,2.0
Cy71_CD45_F07_S547_comb,6.8064,0.0,3.6587,0.0,4.1032,7.1253,7.0382,4.9277,6.1533,0.0,7.0618,5.1999,0.0,0.0,2.0
Cy81_FNA_CD45_H09_S381_comb,0.0,7.3894,8.3988,6.9906,8.4721,0.0,0.0,0.0,0.0,0.0,0.0,0.0,9.9513,5.6254,2.0
Cy71_CD45_E05_S533_comb,8.4961,0.0,5.6557,0.0,7.4499,7.3135,4.7732,0.0,6.9994,0.0,7.7344,7.7467,5.2237,0.0,2.0
Cy81_Bulk_CD45_A08_S104_comb,0.0,7.8976,5.6024,7.0642,8.7536,0.0,0.0,0.0,0.0,0.0,0.0,0.0,9.4373,5.7281,2.0
Cy71_CD45_H12_S576_comb,6.6301,0.0,5.331,0.0,5.9843,0.0,5.558,4.7032,3.4999,0.0,6.4467,5.8371,0.0,0.0,2.0
Cy81_Bulk_CD45_A02_S98_comb,0.0,0.0,0.0,1.9891,9.6626,0.0,0.0,0.0,0.0,0.0,0.0,0.0,8.7866,0.0,2.0
Cy71_CD45_C02_S506_comb,0.0,0.0,0.0,0.0,0.0,7.2163,7.3989,0.0,5.2828,0.0,6.0132,0.0,0.0,0.0,2.0
Cy71_CD45_C04_S508_comb,7.042999999999999,0.0,0.0,0.0,3.7824,7.0855,5.8303,3.4534,4.6145,0.0,5.0245,4.2905,0.0,0.0,2.0
Cy71_CD45_H01_S565_comb,9.3561,0.0,7.0872,0.0,7.7487,9.141,0.0,0.0,6.2642,0.0,7.0831,5.8311,6.1574,0.0,2.0
Cy71_CD45_F05_S545_comb,2.7148,0.0,0.0,0.0,0.0,4.1858,2.472,0.0,5.6935,0.0,4.1499,6.779,3.6836,0.0,2.0
Cy81_Bulk_CD45_D04_S136_comb,0.0,5.8729,1.4673,0.0,9.3052,0.0,0.0,0.0,0.0,0.0,3.1931,6.9386,6.4894,5.4239999999999995,2.0
Cy81_FNA_CD45_H08_S380_comb,0.0,0.0,0.0,0.0,6.678,0.0,0.42438000000000003,0.0,0.0,0.0,5.3585,0.0,4.4145,4.2206,2.0
Cy80_II_CD45_C01_S889_comb,8.203,2.8791,7.7513,6.6463,8.6715,6.5848,0.0,0.0,0.0,0.0,6.3954,0.0,0.0,0.0,2.0
Cy71_CD45_E08_S536_comb,0.45311999999999997,0.0,0.0,0.0,5.1196,7.2264,5.7808,4.3356,5.1525,0.0,5.6461,4.4893,0.0,0.0,2.0
Cy71_CD45_B06_S498_comb,0.0,0.0,0.0,0.0,3.781,7.2519,5.1492,0.0,5.4798,0.0,7.7882,6.269,0.0,0.0,2.0
Cy80_II_CD45_D07_S907_comb,6.5636,5.9427,7.8548,5.8702,6.6929,6.8809,0.0,0.0,6.4987,0.0,0.0,0.0,6.21,0.0,2.0
Cy80_II_CD45_D12_S912_comb,0.0,8.9584,9.4958,4.6455,8.7688,0.0,5.5205,0.0,7.789,0.0,0.0,6.6161,7.4318,0.0,2.0
Cy71_CD45_B01_S493_comb,7.6577,0.0,6.4877,0.0,5.5165,6.7833,9.0875,0.0,6.5589,0.0,8.6746,0.0,0.0,0.0,2.0
Cy71_CD45_G12_S564_comb,8.2569,0.0,5.9313,0.0,0.0,7.0712,6.3519,5.7888,2.2041,0.0,8.4715,5.3316,0.0,0.0,2.0
Cy81_FNA_CD45_F05_S353_comb,0.0,5.7311,7.3507,8.6248,8.0454,0.0,0.0,0.0,0.0,0.0,0.0,0.0,8.6019,0.0,2.0
cy79-p1-CD45-neg-PDL1-pos-AS-C1-R1-C04-S28-comb,4.7828,9.312000000000001,10.444,6.0557,10.089,5.3068,0.0,0.0,6.3389999999999995,5.7772,3.9456,6.7421,8.5101,0.0,2.0
cy79-p3-CD45-neg-PD1-pos-AS-C3-R1-B08-S308-comb,0.0,10.007,12.107999999999999,10.67,9.8243,6.9901,0.0,0.0,3.673,6.127999999999999,7.1048,4.5318,9.5742,7.6116,2.0
cy79-p1-CD45-neg-PDL1-pos-AS-C1-R1-D09-S45-comb,6.6843,9.3497,9.977,9.5799,8.1834,7.7777,0.0,0.0,7.347,7.5555,6.6677,6.938,9.8616,7.2906,2.0
cy79-p3-CD45-neg-PD1-pos-AS-C3-R1-D10-S334-comb,8.4917,10.700999999999999,10.835999999999999,7.7442,9.9363,8.869,0.0,0.0,7.603,7.3166,0.0,5.6442,8.4215,0.0,2.0
cy79-p3-CD45-neg-PD1-pos-AS-C3-R1-H01-S373-comb,9.4171,9.2007,10.399000000000001,0.0,9.7236,7.0979,0.0,0.0,7.1133,4.6635,7.5398,6.0026,7.6244,0.0,2.0
cy79-p1-CD45-neg-PDL1-neg-AS-C4-R1-F11-S167-comb,7.6247,8.5984,8.0152,7.3789,9.799,6.6834,0.0,0.0,7.7051,3.7888,5.6408,7.5427,7.8141,6.1512,2.0
cy79-p1-CD45-neg-PDL1-neg-AS-C4-R1-A12-S108-comb,8.4283,8.0615,9.6878,9.6282,8.979,5.9110000000000005,0.0,0.0,7.8087,7.3416,5.1543,7.2418,7.9052,6.3564,2.0
cy79-p1-CD45-neg-PDL1-neg-AS-C4-R1-G12-S180-comb,6.0423,5.5618,0.0,6.6058,9.5842,7.7003,0.0,0.0,5.4882,0.0,8.9304,0.0,4.6094,0.0,2.0
cy79-p3-CD45-neg-PD1-pos-AS-C3-R1-B10-S310-comb,9.2092,9.3947,9.3805,4.5102,5.4557,5.1154,0.0,4.1868,6.6466,5.2369,6.9814,3.7938,8.0935,7.1995,2.0
cy79-p3-CD45-neg-PD1-pos-AS-C3-R1-D07-S331-comb,10.277999999999999,6.6521,7.957999999999999,0.0,6.0162,7.0284,0.0,4.3803,7.2911,0.0,6.8721,0.0,0.0,4.9115,2.0
cy79-p3-CD45-neg-PD1-pos-AS-C3-R1-D08-S332-comb,6.415,6.4504,11.017999999999999,6.2037,8.5049,4.575,0.0,0.0,6.2626,0.0,5.4421,5.7544,7.9786,4.1471,2.0
cy79-p3-CD45-neg-PD1-pos-AS-C3-R1-G01-S361-comb,9.4906,8.7963,9.3279,7.9265,9.7566,0.0,0.0,4.2385,8.9287,6.5142,6.2991,7.3288,8.5281,5.5956,2.0
cy79-p3-CD45-neg-PD1-pos-AS-C3-R1-G11-S371-comb,7.6798,10.139,11.829,4.673,8.6386,5.8852,0.0,0.0,6.0099,4.9832,4.8503,5.2765,9.2847,5.0107,2.0
cy79-p1-CD45-neg-PDL1-neg-AS-C4-R1-D08-S140-comb,7.5835,7.4535,10.956,7.6278,10.05,5.5755,0.0,0.0,8.2796,6.0611,8.9321,4.9065,8.7829,6.8166,2.0
cy79-p3-CD45-neg-PD1-pos-AS-C3-R1-G10-S370-comb,9.5461,8.6906,11.582,8.2548,6.8148,6.3977,0.0,3.7662,7.8071,0.0,5.3223,7.8007,8.2047,5.1444,2.0
cy79-p3-CD45-neg-PD1-pos-AS-C3-R1-C02-S314-comb,9.5214,7.6699,9.4943,6.0591,7.1556,3.1127,0.0,5.2433,9.009,6.343999999999999,7.6767,7.0071,4.7491,5.3244,2.0
cy79-p3-CD45-neg-PD1-pos-AS-C3-R1-A02-S290-comb,8.45,9.8583,11.436,4.3195,9.5406,7.1207,0.0,0.0,8.3212,8.9547,5.742999999999999,5.9105,8.6451,1.2284,2.0
cy79-p3-CD45-neg-PD1-pos-AS-C3-R1-G05-S365-comb,6.9174,8.8979,10.276,7.2645,10.185,5.3018,0.0,3.8281,8.7803,7.7399,6.8186,7.7667,6.8287,7.2043,2.0
cy79-p1-CD45-neg-PDL1-pos-AS-C1-R1-D06-S42-comb,8.5546,9.1843,9.7896,6.0186,8.7227,3.9779,1.9115,5.0677,7.7004,7.841,7.3016,7.8892,6.9938,6.4026,2.0
cy79-p1-CD45-neg-PDL1-neg-AS-C4-R1-H05-S185-comb,6.6108,9.2681,10.668,8.7404,8.9052,0.0,0.0,0.0,8.0528,0.0,6.5261,6.8676,9.5772,7.3123,2.0
cy79-p4-CD45-neg-PDL1-neg-E11-S1115-comb,9.5934,6.3589,9.6246,5.4058,8.7462,0.0,0.0,0.0,8.2152,6.6859,8.2047,7.183,0.0,6.478,2.0
cy79-p5-CD45-neg-PDL1-neg-F10-S838-comb,8.8438,9.0927,11.362,8.2324,9.8853,8.0649,0.0,0.0,6.0613,6.1486,8.7546,7.0774,7.1676,6.1086,2.0
cy79-p5-CD45-neg-PDL1-neg-A02-S770-comb,7.7797,9.8393,11.065999999999999,7.311,10.22,6.9168,0.0,0.0,6.21,7.6909,1.6098,3.6041,9.128,6.1032,2.0
cy79-p4-CD45-neg-PDL1-neg-B08-S1076-comb,8.7402,8.3019,9.6274,5.9428,9.5279,6.0561,0.0,0.0,7.5301,7.4428,7.1417,6.0071,8.1767,6.027,2.0
cy82-CD45-pos-3-A03-S3-comb,0.0,10.252,7.4041,9.0195,9.2517,0.0,0.0,0.0,0.0,0.0,0.0,0.0,8.6293,6.5348,2.0
cy79-p4-CD45-neg-PDL1-neg-C12-S1092-comb,10.467,7.8491,8.6003,6.4199,7.724,6.8761,0.0,4.0555,7.0711,5.7157,6.8266,7.9516,6.3509,7.1764,2.0
cy79-p4-CD45-neg-PDL1-neg-C03-S1083-comb,10.462,8.7033,10.242,8.7236,7.4527,5.8638,0.0,0.0,7.9115,7.7687,6.0823,7.8401,7.0675,6.6407,2.0
cy79-p5-CD45-neg-PDL1-neg-D03-S807-comb,4.2844,9.7547,11.251,8.8015,8.9017,7.2888,0.0,1.9727,6.7195,7.0082,5.4581,6.7722,10.61,7.3163,2.0
cy79-p4-CD45-neg-PDL1-neg-F08-S1124-comb,9.3064,7.2805,9.1233,7.5217,10.155,0.0,0.0,0.0,8.1663,6.4574,4.1939,7.7276,7.1168,4.7612,2.0
cy81-FNA-CD45-neg-G12-S1044-comb,0.0,6.7139999999999995,5.6454,6.9826,8.4531,0.0,0.0,0.0,0.0,0.0,4.6198,0.0,6.9803,6.2755,2.0
cy79-p5-CD45-neg-PDL1-pos-H06-S762-comb,9.5142,7.6674,8.2497,8.6474,9.3621,6.6065,0.0,0.0,7.5194,6.765,6.6242,8.8267,6.8673,5.8627,2.0
cy79-p4-CD45-neg-PDL1-neg-F12-S1128-comb,7.9224,7.3356,7.4853,0.0,9.0229,5.6572,0.0,0.0,3.9721,6.0525,9.0479,0.0,0.0,0.0,2.0
cy79-p4-CD45-neg-PDL1-pos-D03-S423-comb,8.5651,8.3589,10.717,8.2258,9.3939,6.2858,0.0,0.0,8.3288,6.3665,6.3629,0.0,7.1108,3.7467,2.0
cy79-p5-CD45-neg-PDL1-pos-F09-S741-comb,7.2175,8.2471,9.2499,6.2457,7.5172,0.0,0.0,0.0,7.2229,6.6011,5.0713,7.2254,4.4739,4.5733,2.0
cy79-p4-CD45-neg-PDL1-neg-H01-S1141-comb,9.004,7.906000000000001,8.4098,3.7599,9.2962,2.5115,0.0,3.2129,7.6471,6.0666,7.6511,6.1729,6.2287,0.0,2.0
cy79-p4-CD45-neg-PDL1-pos-H11-S479-comb,7.9398,9.5608,8.7926,7.5349,8.4265,6.3736,0.0,0.0,7.8013,0.0,4.94,8.5738,7.1293,4.1147,2.0
cy81-FNA-CD45-neg-H09-S1053-comb,0.0,7.4261,4.5324,6.5292,9.3631,0.0,0.0,0.0,0.0,0.0,0.0,4.466,7.1432,6.7158,2.0
cy79-p5-CD45-neg-PDL1-neg-G04-S844-comb,9.3626,9.6175,10.966,4.1231,9.8993,7.6613,0.0,0.0,7.9863,6.2941,7.0331,8.3118,6.2802,6.7325,2.0
cy79-p4-CD45-neg-PDL1-pos-D01-S421-comb,8.5729,7.3806,8.8277,0.69421,8.9002,6.5828,0.0,0.0,7.205,6.8055,7.2599,5.7624,6.5393,4.3237,2.0
cy79-p4-CD45-neg-PDL1-neg-F03-S1119-comb,9.7844,7.9077,8.6923,7.8634,8.777000000000001,4.0065,0.0,4.6079,8.3452,7.5905,7.1959,7.997999999999999,7.0485,3.6630000000000003,2.0
cy79-p4-CD45-neg-PDL1-pos-C04-S412-comb,10.365,8.8374,9.1818,0.0,9.6625,8.2308,0.0,4.8084,8.3264,8.9691,7.2412,6.8841,5.8988,4.5434,2.0
cy79-p4-CD45-neg-PDL1-pos-F06-S450-comb,9.1279,9.2029,9.7894,0.0,8.5868,4.0468,0.0,4.5675,7.8338,7.517,5.2029,6.1019,8.4892,5.1615,2.0
cy79-p4-CD45-neg-PDL1-neg-B11-S1079-comb,9.3866,7.8645,10.437999999999999,6.2962,4.6524,3.0151,0.0,0.0,8.2604,7.3487,7.4212,7.8913,7.3114,6.2117,2.0
cy79-p5-CD45-neg-PDL1-neg-A05-S773-comb,10.464,8.6262,7.9062,0.0,7.5851,8.4769,0.0,5.0608,7.4196,5.3744,8.701,8.2053,5.0233,7.7324,2.0
cy82-CD45-pos-1-E08-S536-comb,0.0,9.3908,7.7919,9.7983,4.3189,0.0,0.0,0.0,0.0,0.0,0.0,0.0,8.3321,8.9398,2.0
cy79-p4-CD45-neg-PDL1-pos-C12-S420-comb,10.628,7.7628,7.6532,4.8998,5.659,6.4214,0.0,4.4325,7.2879,5.9225,6.5973,8.5224,5.428,5.3935,2.0
cy79-p5-CD45-pos-PD1-pos-E02-S626-comb,10.187000000000001,5.995,6.2499,6.9325,9.5032,7.5524,0.0,0.0,8.3036,5.3915,7.7868,7.3935,5.0266,4.2008,2.0
cy79-p5-CD45-neg-PDL1-neg-C09-S801-comb,8.8204,9.7203,10.877,8.4183,10.985,6.4537,0.0,0.0,7.9582,7.1142,7.1095,6.6003,9.0073,0.0,2.0
cy79-p5-CD45-neg-PDL1-neg-G03-S843-comb,9.7827,8.8154,8.9432,0.0,8.3409,8.3531,0.0,0.0,7.1615,8.4995,0.0,7.4862,6.6839,3.6042,2.0
cy79-p4-CD45-neg-PDL1-pos-D12-S432-comb,9.2624,9.2932,9.3672,7.906000000000001,9.155,5.9523,0.0,0.0,8.6781,5.1201,4.1953,5.5151,8.7498,7.4727,2.0
cy81-Bulk-CD45-neg-C04-S124-comb,0.0,4.0612,4.7215,6.7211,7.4444,0.0,0.0,0.0,0.0,0.0,0.0,0.0,6.9088,4.1656,2.0
cy79-p5-CD45-neg-PDL1-neg-G07-S847-comb,6.0765,9.1287,10.444,6.2,9.9306,7.3931,0.0,0.0,7.2118,5.3748,6.8865,6.8243,7.1141,6.1629,2.0
cy79-p4-CD45-neg-PDL1-neg-H03-S1143-comb,7.9249,7.8077,8.667,2.116,10.15,5.4633,0.0,0.0,7.5644,6.5717,7.1425,7.1524,4.7464,0.0,2.0
cy79-p4-CD45-neg-PDL1-neg-G07-S1135-comb,8.6552,6.0744,8.9963,6.3841,7.0211,7.2733,0.0,3.3154,8.7334,5.5291,4.993,6.9184,5.1731,6.4677,2.0
cy79-p4-CD45-neg-PDL1-pos-F09-S453-comb,10.409,8.6281,9.9263,7.611000000000001,8.7696,5.7571,0.0,4.9869,8.961,5.8837,3.8376,7.0594,7.5577,7.6286,2.0
cy79-p5-CD45-neg-PDL1-pos-E06-S726-comb,6.3389999999999995,10.318,9.267000000000001,8.4764,9.6143,6.3387,0.0,0.0,7.6991,6.9525,6.016,5.2646,9.6337,8.3408,2.0
cy81-FNA-CD45-neg-G03-S1035-comb,0.0,4.9205,0.0,5.9808,9.4116,0.0,0.0,0.0,0.0,0.0,0.0,3.2943,7.3626,1.254,2.0
cy79-p5-CD45-neg-PDL1-neg-F02-S830-comb,0.0,8.0579,9.948,7.1623,10.564,0.0,0.0,0.0,0.0,3.2934,0.0,3.7829,8.3711,4.7751,2.0
cy82-CD45-neg-2-H12-S288-comb,0.0,8.1577,9.6919,9.3927,9.0681,0.0,0.0,0.0,0.0,0.0,0.0,0.0,8.0587,7.8577,2.0
cy79-p4-CD45-neg-PDL1-neg-E01-S1105-comb,9.7347,9.196,9.8714,6.8648,8.7484,5.5758,0.0,0.0,9.3235,8.026,7.056,4.082,5.0278,5.3796,2.0
cy79-p4-CD45-neg-PDL1-pos-D08-S428-comb,9.582,8.4504,9.8083,6.2475,10.520999999999999,7.3338,0.0,0.0,8.6554,8.3182,7.3314,6.8183,4.3065,4.7499,2.0
cy79-p4-CD45-neg-PDL1-neg-B10-S1078-comb,10.231,7.2177,8.4874,8.3643,9.6376,4.9069,0.0,0.0,8.5402,6.5458,2.8879,7.3097,5.0457,5.2211,2.0
cy79-p5-CD45-neg-PDL1-pos-H10-S766-comb,7.7929,9.7757,9.8385,6.7318,7.6802,7.3056,0.0,0.0,8.5726,4.7472,7.4048,4.7038,8.3791,0.0,2.0
cy79-p4-CD45-neg-PDL1-neg-C02-S1082-comb,10.399000000000001,9.0489,10.279000000000002,8.3598,8.0914,5.5724,0.0,6.5056,8.7123,5.7192,6.0102,7.9709,7.3185,6.2839,2.0
cy79-p5-CD45-neg-PDL1-neg-F08-S836-comb,8.5551,8.2426,10.956,0.0,8.8463,5.9651,0.0,0.0,6.8386,5.7682,6.7755,5.002,5.8043,0.0,2.0
cy79-p4-CD45-neg-PDL1-neg-F09-S1125-comb,0.0,8.1228,5.2694,0.0,7.2056,5.6604,0.0,0.0,3.2963,6.3317,6.8101,0.0,5.9618,0.0,2.0
cy79-p5-CD45-neg-PDL1-pos-G07-S751-comb,7.6099,9.44,9.3892,6.3837,9.1083,4.9918,2.1006,3.5151,7.7522,5.7735,6.1049,6.9776,5.7604,5.7629,2.0
cy81-Bulk-CD45-neg-G07-S175-comb,0.0,7.2134,0.0,2.0721,7.3198,0.0,0.0,0.0,0.0,0.0,0.0,0.0,8.5461,0.0,2.0
cy79-p4-CD45-neg-PDL1-pos-B06-S402-comb,7.7476,8.3212,10.29,7.5732,9.0431,6.1337,0.0,0.0,8.6264,7.8838,6.7772,7.5926,7.3957,5.6689,2.0
cy79-p5-CD45-neg-PDL1-pos-F05-S737-comb,9.5633,7.7157,9.8613,2.9707,9.3254,4.2324,0.0,3.7686,7.7124,7.9732,6.754,8.8709,4.6697,6.2958,2.0
cy79-p5-CD45-neg-PDL1-pos-B09-S693-comb,10.290999999999999,6.3775,7.2246,0.0,7.7045,3.9569,1.2892,3.9767,8.225,6.6482,7.7919,7.6344,2.7807,5.7594,2.0
cy79-p5-CD45-neg-PDL1-neg-C04-S796-comb,11.217,9.0115,10.084,7.5796,9.3653,6.7353,0.0,0.0,9.0859,7.5352,7.2791,6.928999999999999,8.3859,4.4463,2.0
cy79-p4-CD45-neg-PDL1-pos-D09-S429-comb,9.4501,6.8102,7.95,7.6627,8.4759,7.7045,0.0,0.0,8.4197,6.2094,6.8955,6.4336,5.8435,0.0,2.0
cy79-p4-CD45-neg-PDL1-pos-H05-S473-comb,9.8588,8.5255,10.873,4.3734,9.3875,0.0,0.0,0.0,9.6556,0.0,7.6437,6.574,6.4766,6.4966,2.0
cy81-Bulk-CD45-neg-H12-S192-comb,0.0,0.0,0.0,6.0834,7.7641,0.0,0.0,0.0,0.0,0.0,4.4658,0.0,7.2376,0.0,2.0
cy81-FNA-CD45-neg-D01-S997-comb,0.0,7.0308,5.2466,6.4866,7.6186,0.0,2.6915,0.0,0.0,0.0,3.6933,3.3612,7.4351,5.8291,2.0
cy79-p5-CD45-neg-PDL1-pos-H09-S765-comb,8.33,7.7511,8.1894,6.2984,10.323,6.9565,0.0,0.0,6.2143,5.7822,4.9897,7.2799,8.191,0.0,2.0
cy79-p4-CD45-neg-PDL1-neg-E09-S1113-comb,10.843,4.8944,7.1949,3.1212,8.5175,4.4698,0.0,4.8758,9.1884,4.2859,5.9036,6.8868,4.8763,3.2001,2.0
cy81-Bulk-CD45-neg-D01-S133-comb,0.0,0.0,0.0,5.2905,11.017000000000001,0.0,0.0,0.0,0.0,0.0,0.0,0.0,6.2957,0.0,2.0
cy79-p4-CD45-neg-PDL1-neg-D08-S1100-comb,8.867,9.8204,10.83,8.8147,8.9417,2.1063,0.0,0.0,7.5762,6.8826,0.0,6.5731,9.1014,5.4854,2.0
cy79-p4-CD45-neg-PDL1-pos-G09-S465-comb,9.1601,8.5568,9.5743,5.604,9.9524,5.6952,0.0,0.0,8.0378,7.6116,6.2138,8.0858,6.5004,6.7843,2.0
cy81-Bulk-CD45-neg-B04-S112-comb,0.0,0.0,6.0685,5.8492,8.0858,0.0,0.0,0.4489,0.0,0.0,0.0,0.0,5.2568,5.6035,2.0
cy79-p4-CD45-neg-PDL1-neg-B12-S1080-comb,9.2469,9.6053,10.985,8.0729,9.8138,5.206,0.0,0.0,6.1323,6.4667,6.8731,6.9059,7.7309,2.2314,2.0
cy81-Bulk-CD45-neg-A07-S103-comb,0.0,6.9622,6.1794,7.6787,9.5404,0.0,0.0,0.0,0.0,0.0,0.0,3.4888,7.9601,2.8965,2.0
cy79-p4-CD45-neg-PDL1-pos-F10-S454-comb,10.716,9.6383,9.6442,7.9633,9.4585,6.1701,0.0,5.2424,8.7327,7.178999999999999,7.6407,8.1866,8.6167,6.9059,2.0
cy81-FNA-CD45-neg-H02-S1046-comb,0.0,7.6097,5.8458,6.2982,6.9914,0.0,0.0,0.0,0.0,0.0,0.0,0.0,7.7551,10.03,2.0
cy81-FNA-CD45-neg-H10-S1054-comb,0.0,0.0,0.0,0.0,9.2422,0.0,0.0,0.0,0.0,0.0,0.0,0.0,8.8315,0.0,2.0
cy79-p4-CD45-neg-PDL1-neg-H07-S1147-comb,9.7506,8.1839,10.002,9.1452,9.1185,0.0,0.0,5.6211,8.8846,6.5474,5.2909,6.1869,7.8169,8.0621,2.0
cy81-FNA-CD45-neg-H11-S1055-comb,0.0,7.7855,4.1793,3.6756,8.421,0.0,3.1632,0.0,0.0,0.0,0.0,0.0,7.4472,4.7033,2.0
cy79-p4-CD45-neg-PDL1-neg-H02-S1142-comb,10.788,8.9079,8.6778,6.1115,9.1242,4.9651,0.0,5.4229,8.3628,7.5407,7.027,4.0529,5.968,6.1556,2.0
cy79-p4-CD45-neg-PDL1-pos-B09-S405-comb,9.4931,8.3905,10.042,5.0858,9.0873,5.6285,0.0,0.0,7.6218,6.1386,5.1063,6.6572,7.4986,6.5482,2.0
cy79-p5-CD45-neg-PDL1-pos-G08-S752-comb,1.0963,8.8475,6.9736,6.3266,12.019,6.2989,0.0,0.0,2.6271,0.0,3.2758,1.5296,11.125,5.4056,2.0
cy79-p5-CD45-neg-PDL1-pos-F07-S739-comb,10.187000000000001,7.5145,9.4625,5.8847,9.3725,7.7717,4.8580000000000005,3.4412,8.689,6.1193,7.0385,6.2637,5.7524,7.1071,2.0
cy79-p5-CD45-neg-PDL1-neg-F09-S837-comb,8.8577,8.0286,10.61,8.8393,9.6803,8.5562,0.0,0.0,7.8114,6.3456,5.5715,8.0591,6.7477,5.3215,2.0
cy79-p4-CD45-neg-PDL1-pos-E04-S436-comb,10.102,9.0507,9.9849,6.9662,8.2016,7.939,0.0,5.7705,8.3944,7.0098,6.9787,8.4283,8.1498,5.9116,2.0
cy79-p5-CD45-neg-PDL1-pos-E12-S732-comb,7.3507,8.9186,11.472999999999999,7.7097,8.2928,6.7151,0.0,0.0,7.2379999999999995,6.4638,5.6921,7.0704,9.8153,6.9515,2.0
cy79-p4-CD45-neg-PDL1-neg-D10-S1102-comb,8.8797,5.7865,3.4296,4.4265,9.8334,0.0,0.0,0.0,6.513999999999999,3.5139,6.2254,7.6454,6.0481,5.767,2.0
cy79-p4-CD45-neg-PDL1-neg-G11-S1139-comb,8.8429,8.9451,8.2098,5.1202,9.3936,2.3654,0.0,0.0,7.2956,6.3978,6.9915,5.5716,6.1483,4.5549,2.0
cy79-p4-CD45-neg-PDL1-neg-B06-S1074-comb,10.133,8.2694,10.044,9.3118,10.113999999999999,6.5356,1.0014,3.0849,8.0013,6.857,7.7654,7.3020000000000005,6.1732,2.5051,2.0
cy79-p4-CD45-neg-PDL1-pos-B04-S400-comb,7.8686,7.7199,9.9131,4.0319,8.9356,3.0519,0.0,0.0,8.1815,3.9535,8.2543,5.1848,5.5286,6.5381,2.0
cy79-p4-CD45-neg-PDL1-neg-C05-S1085-comb,9.7837,7.9964,10.674000000000001,7.307,9.8499,5.7386,0.0,3.4956,8.3973,7.4824,8.8351,1.5524,7.1155,7.6368,2.0
cy79-p4-CD45-neg-PDL1-neg-B05-S1073-comb,9.2677,9.696,10.835,7.5169,9.509,5.4856,0.0,6.1225,7.66,6.9185,7.3322,7.5488,9.0026,5.2405,2.0
cy79-p4-CD45-neg-PDL1-neg-E03-S1107-comb,7.4606,9.2936,10.249,8.7883,9.7361,6.5366,0.0,3.0414,8.3213,6.5123,6.6272,6.8925,6.8768,3.7609,2.0
cy79-p5-CD45-neg-PDL1-neg-A10-S778-comb,3.4958,9.9913,11.68,8.0473,9.9574,6.84,0.0,4.6802,7.2475,5.1596,7.156000000000001,4.575,8.1976,7.3388,2.0
cy79-p5-CD45-neg-PDL1-neg-H05-S857-comb,10.037,5.5321,7.2663,4.7531,8.2722,2.9683,1.4694,5.9838,8.1578,2.8119,8.2186,7.4259,2.5061,7.5413,2.0
cy82-CD45-pos-3-E02-S50-comb,0.0,10.099,7.496,9.8202,10.052,0.0,0.0,0.0,0.0,0.0,0.0,0.0,8.1735,7.5238,2.0
cy79-p4-CD45-neg-PDL1-neg-F11-S1127-comb,10.082,8.8206,8.9899,8.3174,8.9826,5.8409,0.0,5.8607,8.6921,6.1731,7.8251,5.9063,6.9045,4.0502,2.0
cy82-CD45-pos-1-G08-S560-comb,0.0,8.6624,7.335,7.9477,8.5796,0.0,0.0,0.0,0.0,0.0,0.0,0.0,9.0314,0.89375,2.0
cy79-p5-CD45-neg-PDL1-pos-C12-S708-comb,8.9302,7.7227,8.8048,7.0561,9.2704,6.0748,0.0,0.0,7.7719,7.5235,7.6902,6.2406,7.0749,0.0,2.0
cy81-Bulk-CD45-neg-H08-S188-comb,0.0,5.6813,2.5447,5.0291,9.1477,0.0,0.0,0.0,0.0,0.0,0.5340600000000001,3.3539999999999996,4.4986,0.0,2.0
cy79-p4-CD45-neg-PDL1-neg-B01-S1069-comb,10.432,8.592,10.226,7.7308,9.3515,6.231,0.0,0.0,9.1496,0.0,6.7129,7.4794,6.7577,5.7236,2.0
cy81-Bulk-CD45-neg-A02-S98-comb,0.0,6.2425,5.1629,5.0375,10.084,0.0,0.0,0.0,0.0,0.0,0.0,0.0,7.8931,5.455,2.0
cy81-Bulk-CD45-neg-E12-S156-comb,0.0,0.0,3.9419,5.6802,9.1123,0.0,0.0,0.0,0.0,0.0,0.0,0.0,6.1858,5.9065,2.0
cy79-p4-CD45-neg-PDL1-pos-A09-S393-comb,7.9670000000000005,9.6834,11.059000000000001,8.0483,10.007,7.4897,0.0,4.8965,8.2055,6.2991,7.0785,7.3193,7.9678,7.5291,2.0
cy79-p4-CD45-neg-PDL1-neg-F06-S1122-comb,8.6422,9.7486,9.4767,8.6064,7.8145,7.2151,0.0,0.0,9.0176,6.6097,6.1811,7.0366,8.6203,7.0587,2.0
cy82-CD45-pos-3-C01-S25-comb,0.0,9.3553,8.8787,9.4783,10.284,0.0,0.0,0.0,0.0,2.8141,0.0,0.0,9.0048,3.3864,2.0
cy81-FNA-CD45-neg-H03-S1047-comb,0.0,0.0,0.0,4.9995,7.2349,0.0,0.0,0.0,0.0,0.0,0.0,5.4564,4.8834,0.0,2.0
cy79-p5-CD45-neg-PDL1-pos-B05-S689-comb,9.8274,8.5088,10.332,4.3151,8.7301,6.3735,0.0,0.0,8.4597,3.9451,6.9096,5.9367,7.2034,7.2764,2.0
cy79-p5-CD45-neg-PDL1-pos-C07-S703-comb,9.3712,7.4631,7.3866,0.0,8.6743,7.0383,0.0,0.0,5.6591,7.1319,6.8999,6.8171,6.5182,1.886,2.0
cy53-1-CD45-neg-C06-S318-comb,0.0,7.9781,9.3455,6.3609,9.0149,0.0,0.0,0.0,0.0,0.0,0.0,0.0,6.7848,0.0,2.0
cy53-1-CD45-neg-B02-S302-comb,0.0,8.0936,7.5704,3.5328,10.084,3.9532,0.0,0.0,0.0,0.0,0.0,3.7203,8.0896,0.0,2.0
cy53-1-CD45-neg-D06-S330-comb,0.0,0.0,5.9625,0.0,8.7922,8.9626,0.0,0.0,0.0,0.0,0.0,0.0,7.3824,0.0,2.0
cy82-CD45-neg-3-D09-S813-comb,1.0847,5.6712,7.1849,0.0,10.784,0.0,0.0,0.0,0.0,0.0,0.0,0.0,0.0,0.0,2.0
cy82-CD45-pos-2-G05-S557-comb,0.0,9.155,8.3727,9.5519,9.0968,0.0,0.0,0.0,0.0,0.0,0.0,0.0,9.2291,7.0918,2.0
cy53-1-CD45-neg-A12-S300-comb,0.0,0.0,5.1191,0.0,7.5693,5.4991,0.0,0.0,0.0,0.0,0.0,0.0,3.9903,0.0,2.0
cy82-CD45-neg-3-A11-S779-comb,0.12168,8.9391,6.909,10.199,9.2779,0.0,0.0,0.0,0.0,0.0,0.0,0.0,6.5755,7.3362,2.0
cy82-CD45-pos-2-F02-S542-comb,0.0,10.18,7.2318,9.2734,8.7311,0.0,0.0,0.0,0.0,0.0,0.0,0.0,9.0848,6.718,2.0
cy53-1-CD45-neg-F07-S355-comb,0.0,0.0,0.0,0.0,10.231,6.2907,0.0,0.0,0.0,0.0,0.0,0.0,0.0,0.0,2.0
cy53-1-CD45-neg-C09-S321-comb,0.0,8.0765,7.1781,7.3483,10.051,4.8025,0.0,0.0,0.0,0.0,0.0,0.0,7.5241,0.0,2.0
cy53-1-CD45-neg-F08-S356-comb,0.0,0.0,0.0,0.0,11.199000000000002,5.8565,0.0,0.0,0.0,0.0,0.0,0.0,6.1979,0.0,2.0
cy53-1-CD45-neg-B06-S306-comb,0.0,6.9918,8.9759,0.0,8.1271,0.0,0.0,0.0,0.0,0.0,0.0,0.0,6.7385,3.2674,2.0
cy53-1-CD45-neg-A07-S295-comb,0.0,0.0,5.0574,0.0,9.9861,6.7755,0.0,0.0,0.0,0.0,0.0,0.0,1.5216,0.0,2.0
cy79-p3-CD45-neg-PDL1-neg-A08-S200-comb,9.6174,8.6111,9.2039,9.4201,9.6173,0.0,0.0,0.0,9.0946,6.7562,5.8562,7.9188,8.3174,8.0889,2.0
cy79-p3-CD45-neg-PDL1-neg-G03-S267-comb,8.2234,8.1677,8.5543,6.3725,7.4273,5.742000000000001,0.0,0.0,7.8823,6.1226,7.8202,7.335,5.8936,6.255,2.0
cy79-p3-CD45-neg-PDL1-neg-C07-S223-comb,9.3434,10.285,9.2781,7.5466,8.7719,6.0479,0.0,0.0,7.2742,6.6739,4.2311,5.0509,7.9342,0.0,2.0
cy79-p3-CD45-neg-PDL1-neg-E05-S245-comb,10.012,8.9807,9.9279,5.0249,7.7233,6.3748,0.0,0.0,8.7049,5.7141,7.7088,7.2754,7.3404,6.0459,2.0
cy79-p3-CD45-neg-PDL1-neg-C09-S225-comb,4.9965,8.5467,8.4956,7.3338,10.535,5.8896,0.0,0.0,4.2471,5.4507,3.1895,3.0909,8.9526,3.5415,2.0
cy79-p3-CD45-neg-PDL1-neg-C02-S218-comb,9.9146,8.5689,8.5408,4.8234,9.1742,5.8265,0.0,0.0,8.7005,7.2722,6.7626,7.1164,6.2969,5.4253,2.0
cy79-p3-CD45-neg-PDL1-neg-B07-S211-comb,8.257,8.6361,11.03,6.1944,8.9213,6.8713,0.0,0.0,7.9284,7.1642,7.1519,6.419,7.723,6.5281,2.0
cy79-p3-CD45-neg-PDL1-neg-C03-S219-comb,5.526,9.0897,10.046,5.4408,8.2265,6.5103,0.0,0.0,8.1449,5.5822,4.8265,4.6666,8.3765,4.6773,2.0
cy79-p3-CD45-neg-PDL1-neg-C01-S217-comb,10.405999999999999,7.6134,8.613,4.2493,9.3782,6.6118,3.725,6.8733,8.9852,0.0,8.0325,7.4499,0.0,0.0,2.0
cy79-p3-CD45-neg-PDL1-neg-H11-S287-comb,5.8999,7.152,7.9014,6.6519,10.317,6.6269,0.0,0.0,0.0,7.9307,8.9578,0.0,5.9616,0.0,2.0
cy79-p3-CD45-neg-PDL1-neg-E12-S252-comb,9.1736,8.4929,8.1036,5.791,9.7662,7.196000000000001,0.0,0.0,7.131,5.7581,6.5101,0.80405,7.1135,4.8459,2.0
cy79-p3-CD45-neg-PDL1-neg-B08-S212-comb,8.9201,7.7303,8.4858,6.7123,9.6793,6.142,0.0,0.0,8.2808,8.0449,5.4508,7.9109,7.2503,6.7052,2.0
cy79-p3-CD45-neg-PDL1-neg-C04-S220-comb,10.450999999999999,6.1168,7.8208,4.8896,5.4805,6.4289,1.6604,5.0561,7.8181,7.2359,5.581,7.3108,5.8796,5.4425,2.0
cy79-p3-CD45-neg-PDL1-neg-F11-S263-comb,8.6086,7.5195,9.4904,8.3745,9.0964,7.2895,0.0,0.0,7.6696,8.0104,6.8874,6.2058,7.971,6.1037,2.0
cy79-p3-CD45-neg-PDL1-neg-D01-S229-comb,10.555,8.377,9.3863,6.6671,7.8366,5.8419,0.0,4.8826,9.6728,7.7498,7.8238,8.073,6.8483,7.1974,2.0
cy79-p3-CD45-neg-PDL1-neg-F05-S257-comb,6.9232,8.6289,9.2418,0.0,10.665999999999999,7.542000000000001,0.0,0.0,6.8175,6.9339,2.6196,6.6304,7.6118,5.7007,2.0
cy79-p3-CD45-neg-PDL1-neg-D12-S240-comb,8.2665,7.5795,8.4617,6.6737,9.7865,6.9911,0.0,0.0,8.8712,4.0622,7.9257,5.6975,7.0193,6.9233,2.0
cy79-p3-CD45-neg-PDL1-neg-B01-S205-comb,8.4007,6.7984,7.4894,6.1955,8.9444,7.115,0.0,5.4544,7.6512,7.3076,7.8144,8.3876,5.8388,0.0,2.0
cy79-p3-CD45-neg-PDL1-neg-G10-S274-comb,8.1371,10.132,11.290999999999999,6.4741,8.177999999999999,7.2037,0.0,0.0,8.2622,6.7045,6.2542,5.0882,7.7217,4.4156,2.0
cy79-p3-CD45-neg-PDL1-neg-A09-S201-comb,8.332,9.4001,8.6651,5.6499,9.9882,7.8382,0.0,0.0,7.3592,0.0,7.3294,4.2052,6.0099,0.0,2.0
Cy59_10,8.9028,0.0,0.0,0.0,0.0,0.0,3.8909,8.2306,2.622,0.0,4.7464,4.3001,5.2489,0.0,2.0
Cy59_11,6.1264,0.0,0.0,0.0,0.0,0.0,6.1993,8.256,3.2762,0.0,0.0,3.1507,3.5118,0.0,2.0
Cy59_13,9.5109,0.0,6.0374,0.0,0.0,0.0,7.1669,8.7686,4.7856,0.0,0.0,0.0,0.0,0.0,2.0
Cy59_14,9.628,0.0,6.8701,0.0,0.0,0.0,5.5826,8.3249,4.7668,0.0,0.0,4.0713,4.4485,0.0,2.0
Cy59_1,5.2508,0.0,0.0,0.0,0.0,0.0,2.2931,6.0088,0.0,0.0,5.2267,0.0,0.0,0.0,2.0
Cy59_20,8.7849,0.0,4.8602,0.0,6.0617,0.0,6.4422,9.342,2.2314,0.0,0.0,3.8461,0.0,0.0,2.0
Cy59_21,8.3478,0.0,4.1111,0.0,0.0,0.0,0.0,4.756,2.4024,0.0,5.8643,5.316,0.0,0.0,2.0
Cy59_23,8.5821,0.0,0.0,0.0,0.0,0.0,5.4531,8.4261,4.3881,0.0,0.0,5.4704,0.0,0.0,2.0
Cy59_25,8.1815,0.0,4.5237,0.0,0.0,0.0,5.6633,8.5082,0.0,0.0,4.5972,3.2319999999999998,4.5345,0.0,2.0
Cy59_26,9.6058,0.0,4.9336,0.0,5.9857,0.0,6.9237,7.8914,5.2192,0.0,6.6377,3.3785,3.7461,0.0,2.0
Cy59_27,7.9043,0.0,4.0666,0.0,6.9723,0.0,6.1571,7.5245,4.44,0.0,0.0,0.0,3.4498,3.5439,2.0
Cy59_28,9.2749,0.0,5.1329,0.0,5.4615,0.0,7.4964,9.0226,3.9394,0.0,0.0,0.0,0.0,0.0,2.0
Cy59_30,7.9077,0.0,2.9456,0.0,5.4232,0.0,5.5353,8.7682,3.012,0.0,2.7856,3.786,0.0,0.0,2.0
Cy59_32,9.5744,0.0,5.7133,0.0,5.5621,0.0,7.4062,7.2903,4.3469,0.0,4.329,5.6468,0.0,0.0,2.0
Cy59_33,8.6213,0.0,0.0,0.0,3.9548,0.0,7.9156,9.0755,4.1544,0.0,0.0,0.0,4.5879,0.0,2.0
Cy59_35,0.0,5.6235,0.0,0.0,5.9628,0.0,0.0,0.0,3.4975,0.0,0.0,0.0,7.2169,0.0,2.0
Cy59_36,9.1046,0.0,5.6309,0.0,0.0,0.0,7.6636,8.0578,4.2629,0.0,5.0996,4.7795,0.0,0.0,2.0
Cy59_38,6.5502,0.0,2.9572,0.0,6.7584,0.0,4.7237,8.5052,0.0,0.0,3.6881,4.3478,0.0,0.0,2.0
Cy59_39,8.4984,0.0,4.3808,0.0,0.0,0.0,5.1966,8.1305,5.4157,0.0,0.0,0.0,3.7546,0.0,2.0
Cy59_40,8.0219,0.0,5.0388,0.0,0.0,0.0,5.3656,8.7362,0.0,0.0,4.5811,0.0,0.0,0.0,2.0
Cy59_41,6.64,0.0,3.2651,0.0,7.3655,0.0,5.8492,8.5137,2.4659999999999997,0.0,3.0991,0.0,0.0,0.0,2.0
Cy59_42,8.2026,0.0,0.0,0.0,0.0,0.0,6.4066,8.0618,3.8473,0.0,3.6087,4.2658,4.6494,0.0,2.0
Cy59_44,8.7333,0.0,5.0756,0.0,0.0,0.0,7.532,9.4046,4.1826,0.0,0.0,0.0,3.8836,0.0,2.0
Cy59_45,7.5025,0.0,5.1613,0.0,0.0,0.0,6.707999999999999,6.1436,3.7212,0.0,0.0,5.8152,0.0,0.0,2.0
Cy59_4,7.4802,0.0,4.1946,0.0,0.0,0.0,6.8376,8.4659,3.3361,0.0,0.0,0.0,0.0,0.0,2.0
Cy59_53,8.2652,0.0,5.6527,0.0,0.0,0.0,5.8373,7.9832,4.9339,0.0,4.9971,4.4030000000000005,0.0,0.0,2.0
Cy59_57,9.3577,0.0,5.2962,0.0,0.0,0.0,7.1795,8.1737,5.9395,0.0,0.0,0.0,4.0947,0.0,2.0
Cy59_59,6.654,0.0,2.9589999999999996,0.0,0.0,0.0,6.7783,5.6409,0.0,0.0,4.2389,0.0,3.2507,0.0,2.0
Cy59_5,8.4057,0.0,5.8884,0.0,7.5078,0.0,7.7426,8.0656,5.7761,0.0,0.0,3.8967,0.0,0.0,2.0
Cy59_60,8.9038,0.0,0.0,0.0,0.0,0.0,6.0281,8.5441,4.3153,0.0,0.0,2.9747,0.0,0.0,2.0
Cy59_61,5.7909,0.0,0.0,0.0,0.0,0.0,5.9766,10.176,2.8677,0.0,0.0,0.0,0.0,0.0,2.0
Cy59_64,6.3923,0.0,0.0,0.0,0.0,0.0,5.1404,9.5146,1.8303,0.0,0.0,0.0,2.8375,0.0,2.0
Cy59_67,6.8333,0.0,0.0,0.0,4.6287,0.0,6.813,8.0984,0.0,0.0,6.8115,0.0,3.9125,0.0,2.0
Cy59_69,8.8672,0.0,7.5366,0.0,5.4047,0.0,6.6048,7.8492,3.5137,0.0,0.0,6.667999999999999,3.2174,0.0,2.0
Cy59_70,8.6597,0.0,5.6387,0.0,0.0,0.0,6.3214,9.2992,4.6184,0.0,0.0,5.5714,3.3915,0.0,2.0
Cy59_71,6.5161,0.0,0.0,0.0,0.0,0.0,5.1595,5.5907,0.0,0.0,5.9539,3.7494,0.0,0.0,2.0
Cy59_73,8.2133,0.0,6.0598,2.8231,3.8819999999999997,0.0,6.2351,7.7214,4.5898,0.0,4.3405,3.2265,2.7033,0.0,2.0
Cy59_75,9.2725,0.0,5.5429,0.0,5.5126,0.0,0.0,8.4994,6.0733,0.0,5.9098,4.7959,0.0,0.0,2.0
Cy59_76,8.5152,0.0,3.76,0.0,0.0,0.0,0.0,7.9522,5.077,0.0,0.0,0.0,0.0,0.0,2.0
Cy59_77,9.8921,0.0,5.0126,0.0,4.1409,0.0,7.9823,8.3115,3.5777,0.0,0.0,5.3498,3.8231,0.0,2.0
Cy59_78,0.0,0.0,0.0,0.0,0.0,0.0,5.1053,5.4716,3.4279,0.0,0.0,0.0,0.0,0.0,2.0
Cy59_79,10.295,0.0,0.0,0.0,3.9845,0.0,4.3786,9.6449,1.6871,0.0,0.0,0.0,0.0,0.0,2.0
Cy59_81,8.9086,0.0,5.7794,0.0,0.0,0.0,6.6341,8.387,4.6908,0.0,5.0144,3.7931,3.2463,0.0,2.0
Cy59_82,8.9447,0.0,6.909,0.0,0.0,0.0,7.6478,8.5466,2.2972,0.0,5.6094,0.0,4.3053,0.0,2.0
Cy59_85,7.9119,0.0,6.1562,0.0,3.7425,0.0,5.901,8.0214,5.7096,0.0,4.4328,2.2409,4.3711,0.0,2.0
Cy59_86,9.7661,0.0,4.4152,0.0,0.0,0.0,5.531000000000001,8.5045,3.8397,0.0,3.3114,3.4189999999999996,4.3402,0.0,2.0
Cy59_88,8.5681,0.0,0.0,0.0,3.4263,0.0,6.4686,8.6357,5.0269,0.0,0.0,1.9561,0.0,0.0,2.0
Cy59_89,7.4411,0.0,2.7396,0.0,4.2396,0.0,7.5345,8.7703,4.2425,0.0,0.0,0.0,0.0,0.0,2.0
Cy59_90,7.6183,0.0,3.0776,0.0,0.0,0.0,7.9798,8.7788,4.8249,0.0,0.0,0.0,3.3766,0.0,2.0
Cy59_92,8.7472,0.0,6.7342,0.0,0.0,0.0,7.2912,9.3518,5.0288,0.0,5.0913,0.0,4.3217,0.0,2.0
Cy59_93,0.0,0.0,0.0,0.0,0.0,0.0,0.0,5.2332,0.0,0.0,0.0,0.0,0.0,0.0,2.0
Cy59_94,8.4197,0.0,6.3868,0.0,0.0,0.0,7.8345,5.7279,4.8098,0.0,6.0114,4.9339,0.0,0.0,2.0
Cy59_96,7.5023,0.0,5.1231,0.0,5.6574,4.593999999999999,5.9086,8.4007,5.122999999999999,0.0,4.0845,2.7801,3.6619,6.2004,2.0
CY65_NEG_A_AACATAAT_ACACGATC,8.8874,0.0,0.0,0.0,0.0,7.0823,3.4883,4.9707,6.3692,0.0,0.0,2.7015,4.4484,5.9743,2.0
CY65_POS_A_AGAACATT_CTACCAGG,7.8205,0.0,4.0452,0.0,0.0,0.0,9.193999999999999,0.0,5.9076,0.0,0.7198399999999999,6.2668,4.1593,0.0,2.0
cy78-CD45-neg-1-C02-S506-comb,9.5604,0.0,3.6458,0.0,8.0713,8.4359,8.3756,4.4345,7.5065,0.0,7.0542,0.0,3.2777,6.2762,2.0
cy78-CD45-neg-1-E03-S531-comb,9.3433,0.0,0.0,0.0,4.7389,7.1177,7.0485,4.2956,5.3542,0.0,7.1159,3.4542,0.0,0.0,2.0
cy78-CD45-neg-2-C06-S606-comb,8.1181,0.0,4.7526,0.0,6.2105,5.1533,8.0362,4.4707,6.684,0.0,7.239,0.0,4.0963,0.0,2.0
cy78-CD45-neg-1-H08-S572-comb,3.9554,0.0,0.0,0.0,0.0,8.1946,5.0101,0.0,6.4915,0.0,0.0,2.903,2.7366,5.8975,2.0
cy78-CD45-neg-3-G07-S751-comb,11.508,0.0,0.0,0.0,4.3513,6.5024,9.3161,4.8727,6.0125,0.0,5.9402,0.0,0.0,6.7776,2.0
cy78-CD45-neg-3-E05-S725-comb,11.277000000000001,0.0,0.0,0.0,0.0,0.0,9.684,0.0,8.7504,0.0,4.6204,4.7299,0.0,0.0,2.0
cy78-CD45-neg-1-F08-S548-comb,11.220999999999998,0.0,0.0,0.0,0.0,0.0,7.8165,4.3822,7.0488,0.0,3.4825,4.7397,0.0,5.5528,2.0
cy78-CD45-neg-2-C05-S605-comb,8.4426,4.5348,8.8644,0.0,3.8751,6.4461,6.8888,0.0,7.2316,0.0,4.7401,3.8974,5.9341,0.0,2.0
cy78-CD45-neg-3-D09-S717-comb,11.2,0.0,2.5734,0.0,0.0,6.1785,8.5545,4.9973,7.4345,0.0,4.2167,2.0548,0.0,3.4810000000000003,2.0
cy84-Primary-CD45-neg-G07-S1039-comb,10.204,0.0,0.0,0.0,4.0528,0.0,11.255,0.0,7.441,0.0,7.5123,4.805,1.5797,0.0,2.0
cy78-CD45-neg-1-F05-S545-comb,8.23,0.0,4.1867,0.0,3.7829,6.6159,9.1655,3.2233,6.5901,0.0,6.3585,6.3427,2.6727,6.0451,2.0
cy78-CD45-neg-3-F05-S737-comb,5.4769,0.0,0.0,0.0,9.8277,8.0239,0.0,0.0,5.7051,0.0,0.0,4.4828,0.0,0.0,2.0
cy78-CD45-neg-1-C01-S505-comb,9.0733,0.0,5.2685,0.0,6.0705,10.011000000000001,8.4805,4.1862,6.9176,0.0,7.7155,4.7333,4.8888,0.0,2.0
cy78-CD45-neg-3-E06-S726-comb,8.9639,0.0,0.0,0.0,4.3051,8.8988,8.031,4.1291,7.5525,0.0,7.4387,0.0,5.2782,0.0,2.0
cy78-CD45-neg-3-H04-S760-comb,12.155,0.0,0.0,0.0,0.0,5.1539,10.366,6.7704,8.9085,0.0,2.4934,3.4186,0.0,6.4003,2.0
cy78-CD45-neg-3-G08-S752-comb,9.9211,0.0,0.0,0.0,8.9313,8.0928,6.2669,2.8217,6.4826,0.0,6.9077,0.0,3.2065,0.0,2.0
cy78-CD45-neg-3-G03-S747-comb,8.7939,0.0,5.7696,0.0,7.1611,6.3294,7.5232,0.0,4.6406,0.0,4.5095,1.8298,3.8574,4.237,2.0
cy78-CD45-neg-3-C03-S699-comb,8.8516,0.0,8.3242,0.0,8.2783,7.7617,8.8341,3.9804,8.3035,0.0,0.0,0.0,0.0,0.0,2.0
cy60_1_cd_45_neg_3_F06_S546_comb,10.58,2.4354,0.0,0.0,5.8711,0.0,0.0,5.267,6.2477,5.9987,0.0,6.4972,5.438,0.0,2.0
cy60_1_cd_45_neg_1_D11_S239_comb,9.8145,0.0,0.0,0.0,5.8444,0.0,0.0,0.0,5.8285,0.0,6.4917,5.8857,0.0,0.0,2.0
CY88_5_B10_S694_comb,10.735,4.2743,8.4978,0.0,3.8257,0.0,6.5479,3.9133,6.6895,0.0,3.1212,7.0379,4.1225,0.85519,2.0
CY88_5_G04_S748_comb,10.128,6.2566,8.6853,0.0,5.3546,0.0,6.3886,4.5428,6.6044,0.0,6.8139,4.3977,3.3038,0.0,2.0
CY88_3_F05_S641_comb,6.3539,0.0,8.054,0.0,4.9346,0.0,0.0,0.0,0.0,0.0,6.6852,0.0,0.0,0.0,2.0
CY88_5_E04_S724_comb,12.538,3.7889,7.1749,0.0,0.0,0.0,8.1256,7.08,8.5891,0.0,2.7292,4.633,5.2853,6.3712,2.0
CY88_3_B04_S592_comb,9.7492,3.2062,6.8789,0.0,0.0,0.0,6.2204,3.4602,6.9887,0.0,4.2618,4.2758,0.0,0.0,2.0
CY88_5_B12_S696_comb,10.423,0.0,7.2685,0.0,2.951,0.0,8.1604,5.2295,7.063,0.0,7.3369,0.64062,3.4839,8.4528,2.0
CY88_3_H10_S670_comb,9.0446,3.7585,7.87,0.0,3.1635,0.0,3.9686,0.0,6.9586,0.0,6.4607,0.0,4.8562,0.0,2.0
CY88_3_C08_S608_comb,5.2992,4.0862,9.423,0.0,6.2444,0.0,5.9161,0.0,6.4724,0.0,7.7932,0.0,0.0,0.0,2.0
CY88_5_E02_S722_comb,10.163,4.4461,7.3121,0.0,4.4285,0.0,6.337999999999999,2.1878,7.1424,0.0,6.5963,0.0,5.023,0.0,2.0
CY88_3_G11_S659_comb,6.2309,5.7921,8.0401,0.0,6.9872,0.0,4.2309,1.1395,0.9949399999999999,0.0,6.5749,0.0,6.4962,0.0,2.0
CY88_3_D03_S615_comb,4.3927,5.7428,8.2808,0.0,0.0,0.0,0.0,0.0,4.9558,0.0,6.746,0.0,0.0,0.0,2.0
CY88_5_C02_S698_comb,2.6239,0.0,7.6602,0.0,7.0631,0.0,0.8812700000000001,0.0,4.5591,0.0,7.7459,0.0,5.2879,0.0,2.0
CY88_3_A02_S578_comb,2.5886,4.1649,8.8649,0.0,4.7993,0.0,0.86156,0.0,5.5724,0.0,6.1491,0.0,5.1611,0.0,2.0
CY88_5_C01_S697_comb,10.788,4.7322,8.6214,0.0,3.8809,0.0,7.3116,5.8945,7.7871,0.0,5.5127,0.0,0.0,0.0,2.0
CY88_3_E02_S626_comb,9.4061,2.875,10.715,0.0,3.4856,0.0,5.4756,0.0,6.6042,0.0,6.0361,4.3677,5.8009,0.0,2.0
CY88_3_C06_S606_comb,2.61,4.4293,6.7579,0.0,4.0643,0.0,0.0,0.0,5.7823,0.0,7.7805,0.0,4.6152,0.0,2.0
CY88_5_A06_S678_comb,10.497,4.2769,5.5031,0.0,5.86,0.0,6.7055,4.1165,6.8609,0.0,6.6959,4.2553,4.0585,0.0,2.0
CY88_3_F10_S646_comb,9.2507,5.1729,7.4231,0.0,2.3843,0.0,7.0672,0.0,5.1839,0.0,6.6594,5.0236,3.8023,0.0,2.0
CY88_3_G01_S649_comb,3.1957,0.0,11.333,0.0,4.9979,0.0,0.7346600000000001,2.46,4.0519,0.0,4.7129,0.0,6.7347,0.0,2.0
CY88_5_A03_S675_comb,10.835,4.3947,6.332999999999999,0.0,0.0,0.0,6.8535,2.8989999999999996,7.355,0.0,4.677,0.0,1.7216,0.0,2.0
CY88_5_H06_S762_comb,9.179,5.5364,7.971,0.0,4.0667,0.0,5.3596,3.5585,6.843999999999999,0.0,5.9396,3.6874,4.831,0.0,2.0
CY88_3_F09_S645_comb,8.2984,4.5947,7.5528,0.0,3.1445,0.0,6.4196,0.0,6.351,3.0254,6.3288,2.2019,5.5009,0.0,2.0
CY88_3_G10_S658_comb,9.12,4.3653,7.8915,0.0,4.7858,0.0,4.9904,4.7616,6.9541,0.0,6.1182,3.1189999999999998,0.0,0.0,2.0
CY88_3_D05_S617_comb,6.0486,4.2464,9.5079,0.0,0.0,0.0,2.1991,0.0,3.4334,0.0,7.7664,0.0,2.6402,0.0,2.0
CY88_3_E08_S632_comb,9.2172,3.338,8.6815,0.0,5.1706,2.9674,4.2334,0.0,5.6536,0.0,6.6093,4.1924,5.7452,0.0,2.0
CY88_3_F08_S644_comb,9.7967,0.0,9.2681,0.0,0.0,0.0,5.9076,3.0915,7.1352,0.0,5.4363,0.0,5.6258,0.0,2.0
CY88_3_H03_S663_comb,4.7279,4.988,8.4815,0.0,0.0,0.0,2.8584,0.0,3.7444,0.0,0.0,0.0,0.0,0.0,2.0
CY88_5_B05_S689_comb,8.4318,5.6503,8.6523,0.0,0.0,0.0,3.8315,5.6485,6.8049,0.0,0.0,0.0,0.0,2.6171,2.0
CY88_3_A01_S577_comb,8.276,5.0128,10.047,0.0,4.1308,0.0,5.4548,0.0,5.6304,0.0,6.5556,0.0,5.8512,0.0,2.0
CY88_5_E10_S730_comb,9.5963,3.6802,9.2011,0.0,1.6736,0.0,4.2198,0.0,6.0072,0.0,6.212000000000001,0.0,5.8659,0.0,2.0
CY88_5_G11_S755_comb,6.223,5.0532,7.1708,0.0,4.921,0.0,0.0,0.0,1.5636,0.0,6.1259,0.0,0.0,0.0,2.0
CY88_5_C03_S699_comb,9.8015,0.0,7.7747,0.0,4.5539,0.0,7.4275,0.0,6.8207,0.0,9.1318,0.0,0.0,0.0,2.0
CY89NEG_F07_S67_comb,0.0,4.2615,4.8611,0.0,6.9694,0.0,0.0,0.0,0.0,0.0,3.0309,0.0,4.9783,0.0,2.0
CY89NEG_A02_S2_comb,9.8749,4.6935,0.0,0.0,7.244,3.5166,7.7555,4.1742,5.0772,0.0,2.1875,4.8592,3.036,1.4356,2.0
CY89CORE11_D05_S137_comb,9.9204,6.9048,2.9884,0.0,6.5851,1.3595,6.1275,1.9134,6.2127,0.0,3.6981,5.3928,5.7971,0.0,2.0
CY89NEG_H01_S85_comb,11.145999999999999,5.9207,5.9897,0.0,7.4302,6.6557,9.1177,4.0144,8.8756,2.5534,0.0,6.0517,5.7443,4.6485,2.0
CY89CORE11_H03_S183_comb,9.8071,0.0,0.0,0.0,7.7008,4.4675,6.9661,4.574,7.3311,0.0,0.0,5.67,4.1124,0.0,2.0
CY89NEG_C08_S32_comb,4.7666,5.5449,6.5729999999999995,0.0,7.7199,0.0,0.90612,0.0,8.523,0.0,0.0,0.0,7.7317,0.0,2.0
CY89FNAQ2_G02_S458_comb,8.5558,6.4803,6.1447,0.0,5.0652,4.3739,6.1745,2.6913,7.8201,0.0,4.7037,4.4055,5.7506,6.7316,2.0
CY89NEG_G05_S77_comb,8.4196,0.0,9.9871,0.0,9.9143,4.8086,6.676,3.969,9.0114,0.0,0.0,0.0,6.5234,0.0,2.0
CY89NEG_D08_S44_comb,11.325,5.0533,6.434,0.0,3.5273,7.269,2.0942,0.0,1.148,0.0,0.30334,8.122,3.8468,0.0,2.0
CY89NEG_A08_S8_comb,9.3728,3.1316,0.0,0.0,8.0133,0.0,5.6287,4.4604,7.1943,0.0,4.7316,0.0,4.3273,0.0,2.0
CY89CORE11_C02_S122_comb,10.3,5.0044,0.0,0.0,8.1429,3.1707,5.2533,3.2951,8.1595,0.0,0.0,4.4964,2.7233,0.0,2.0
CY89CORE11_A10_S106_comb,8.1862,5.857,7.9306,0.0,7.4012,0.0,6.853,0.0,8.1758,0.0,2.3513,3.4319,6.3454,6.9272,2.0
cy94_cd45neg_cd90pos_G07_S367_comb,0.0,7.9412,7.4471,0.0,5.9216,0.0,0.0,0.0,5.5725,0.0,0.0,8.2876,7.0979,4.2197,2.0
cy94_cd45neg_cd90pos_E08_S344_comb,4.7811,4.2019,4.7166,0.809,3.5361,0.0,0.0,6.2298,7.0291,0.0,4.2197,5.9871,1.1525,0.0,2.0
cy94_cd45neg_cd90pos_A11_S299_comb,5.1339999999999995,7.3494,5.7896,0.0,0.0,0.0,5.7759,4.3635,6.346,0.0,0.0,3.9802,4.3731,5.9855,2.0
cy94_cd45neg_cd90pos_D05_S329_comb,7.6924,6.6778,0.0,0.0,5.6467,0.0,3.7313,4.883,5.3055,4.5162,5.643,6.6249,5.7017,7.7385,2.0
CY88CD45_150813_G04_S364_comb,10.469000000000001,0.0,5.5115,0.0,4.3478,0.0,6.3558,3.2922,6.3858,0.0,2.1385,5.2092,6.2553,0.0,2.0
CY88CD45POS_7_C07_S223_comb,8.0654,4.8444,6.1731,0.0,1.818,0.0,3.5357,3.7425,6.9469,0.0,2.3604,7.7681,4.8691,8.1165,2.0
CY94_CD45NEG_CD90POS_2_G09_S81_comb,0.0,7.1335,5.7685,0.0,0.0,0.0,0.0,0.0,0.0,0.0,0.0,5.3349,7.0372,7.9539,2.0
CY94_CD45NEG_CD90POS_2_B09_S21_comb,0.0,6.8331,5.6467,0.0,7.1584,0.0,6.0733,1.6772,7.2059,0.0,5.234,7.3109,6.4077,0.0,2.0
CY94_CD45NEG_CD90POS_2_D04_S40_comb,9.4116,0.0,4.2624,0.0,6.7008,0.0,4.5585,4.691,5.0377,0.0,4.6315,6.2999,6.2738,4.6615,2.0
CY84_PRIM_POS_All_6_E04_S436_comb,6.871,4.4981,6.7635,0.0,5.3257,7.9181,8.0216,4.2055,4.5019,0.0,0.0,4.7401,5.6813,7.175,2.0
